{"cameraMode":{"drawMode":0,"name":"Shaded","section":"Shading Mode"},"sceneLighting":true,"audioPlay":false,"sceneViewState":{"showFog":true,"showMaterialUpdate":false,"showSkybox":true,"showFlares":true,"showImageEffects":true,"showParticleSystems":true},"in2DMode":false,"pivot":{"x":-2.483835458755493,"y":23.256847381591798,"z":3.326050043106079},"rotation":{"x":0.7462415099143982,"y":3.2488486900739135e-10,"z":5.689547166731757e-10,"w":0.6656753420829773},"size":17.37102699279785,"orthographic":true}